0,0,0,0,0
0.001,120000,120,0.06,2e-05
0.002,120000,240,0.24,0.00016
0.003,120000,360,0.54,0.00054
0.004,120000,480,0.96,0.00128
0.005,120000,600,1.5,0.0025
0.006,120000,720,2.16,0.00432
0.007,120000,840,2.94,0.00686
0.008,120000,960,3.84,0.01024
0.009,120000,1080,4.86,0.01458
0.01,120000,1200,6,0.02
0.011,120000,1320,7.26,0.02662
0.012,120000,1440,8.64,0.03456
0.013,120000,1560,10.14,0.04394
0.014,120000,1680,11.76,0.05488
0.015,120000,1800,13.5,0.0675
0.016,120000,1920,15.36,0.08192
0.017,120000,2040,17.34,0.09826
0.018,120000,2160,19.44,0.11664
0.019,120000,2280,21.66,0.13718
0.02,120000,2400,24,0.16
0.021,120000,2520,26.46,0.18522
0.022,120000,2640,29.04,0.21296
0.023,120000,2760,31.74,0.24334
0.024,120000,2880,34.56,0.27648
0.025,120000,3000,37.5,0.3125
0.026,120000,3120,40.56,0.35152
0.027,120000,3240,43.74,0.39366
0.028,120000,3360,47.04,0.43904
0.029,120000,3480,50.46,0.48778
0.03,120000,3600,54,0.54
0.031,120000,3720,57.66,0.59582
0.032,120000,3840,61.44,0.65536
0.033,120000,3960,65.34,0.71874
0.034,120000,4080,69.36,0.78608
0.035,120000,4200,73.5,0.8575
0.036,120000,4320,77.76,0.93312
0.037,120000,4440,82.14,1.01306
0.038,120000,4560,86.64,1.09744
0.039,120000,4680,91.2599,1.18638
0.04,120000,4800,95.9999,1.28
0.041,120000,4920,100.86,1.37842
0.042,120000,5040,105.84,1.48176
0.043,120000,5160,110.94,1.59014
0.044,120000,5280,116.16,1.70368
0.045,120000,5400,121.5,1.8225
0.046,120000,5520,126.96,1.94672
0.047,120000,5640,132.54,2.07646
0.048,120000,5760,138.24,2.21184
0.049,120000,5880,144.06,2.35298
0.05,120000,6000,150,2.5
0.051,120000,6120,156.06,2.65302
0.052,120000,6240,162.24,2.81215
0.053,120000,6360,168.54,2.97753
0.054,120000,6480,174.96,3.14927
0.055,120000,6600,181.5,3.32749
0.056,120000,6720,188.16,3.51231
0.057,120000,6840,194.94,3.70385
0.058,120000,6960,201.84,3.90223
0.059,120000,7079.99,208.86,4.10757
0.06,120000,7199.99,216,4.31999
0.061,120000,7319.99,223.26,4.53961
0.062,120000,7439.99,230.64,4.76655
0.0629999,120000,7559.99,238.14,5.00093
0.064,120000,7679.99,245.76,5.24287
0.065,120000,7799.99,253.5,5.49249
0.066,120000,7919.99,261.36,5.74991
0.067,120000,8039.99,269.34,6.01525
0.068,120000,8160,277.44,6.28863
0.069,120000,8280,285.66,6.57017
0.07,120000,8400,294,6.85999
0.071,120000,8520,302.46,7.15821
0.072,120000,8640,311.04,7.46495
0.073,120000,8760,319.74,7.78033
0.074,120000,8880,328.56,8.10447
0.075,120000,9000,337.5,8.43749
0.076,0,9000,346.5,8.77949
0.077,0,9000,355.5,9.13049
0.078,0,9000,364.5,9.49049
0.079,0,9000,373.5,9.85949
0.08,0,9000,382.5,10.2375
0.081,0,9000,391.5,10.6245
0.082,0,9000,400.5,11.0205
0.083,0,9000,409.5,11.4255
0.084,0,9000,418.5,11.8395
0.085,0,9000,427.5,12.2625
0.086,0,9000,436.5,12.6945
0.087,0,9000,445.5,13.1355
0.088,0,9000,454.5,13.5855
0.089,0,9000,463.5,14.0445
0.09,0,9000,472.5,14.5125
0.091,0,9000,481.5,14.9895
0.092,0,9000,490.5,15.4755
0.093,0,9000,499.5,15.9705
0.094,0,9000,508.5,16.4745
0.095,0,9000,517.5,16.9875
0.096,0,9000,526.5,17.5095
0.097,0,9000,535.5,18.0405
0.098,0,9000,544.5,18.5805
0.099,0,9000,553.5,19.1295
0.1,0,9000,562.5,19.6875
0.101,0,9000,571.5,20.2545
0.102,0,9000,580.5,20.8305
0.103,0,9000,589.5,21.4155
0.104,0,9000,598.5,22.0095
0.105,0,9000,607.5,22.6125
0.106,0,9000,616.5,23.2245
0.107,0,9000,625.5,23.8455
0.108,0,9000,634.5,24.4755
0.109,0,9000,643.5,25.1145
0.11,0,9000,652.5,25.7625
0.111,0,9000,661.5,26.4195
0.112,0,9000,670.5,27.0855
0.113,0,9000,679.5,27.7605
0.114,0,9000,688.5,28.4445
0.115,0,9000,697.5,29.1375
0.116,0,9000,706.5,29.8395
0.117,0,9000,715.5,30.5505
0.118,0,9000,724.5,31.2705
0.119,0,9000,733.501,31.9995
0.12,0,9000,742.501,32.7375
0.121,0,9000,751.501,33.4846
0.122,0,9000,760.501,34.2406
0.123,0,9000,769.501,35.0056
0.124,0,9000,778.501,35.7796
0.125,0,9000,787.501,36.5626
0.126,0,9000,796.501,37.3546
0.127,0,9000,805.501,38.1556
0.128,0,9000,814.501,38.9656
0.129,0,9000,823.501,39.7846
0.13,0,9000,832.501,40.6126
0.131,0,9000,841.501,41.4496
0.132,0,9000,850.501,42.2956
0.133,0,9000,859.501,43.1506
0.134,0,9000,868.501,44.0146
0.135,0,9000,877.501,44.8876
0.136,0,9000,886.501,45.7696
0.137,0,9000,895.501,46.6606
0.138,0,9000,904.501,47.5606
0.139,0,9000,913.501,48.4696
0.14,0,9000,922.501,49.3876
0.141,0,9000,931.501,50.3146
0.142,0,9000,940.501,51.2506
0.143,0,9000,949.501,52.1956
0.144,0,9000,958.501,53.1496
0.145,0,9000,967.501,54.1126
0.146,0,9000,976.501,55.0846
0.147,0,9000,985.501,56.0656
0.148,0,9000,994.501,57.0556
0.149,0,9000,1003.5,58.0546
0.15,0,9000,1012.5,59.0626
0.151,0,9000,1021.5,60.0796
0.152,0,9000,1030.5,61.1056
0.153,0,9000,1039.5,62.1406
0.154,0,9000,1048.5,63.1846
0.155,0,9000,1057.5,64.2376
0.156,0,9000,1066.5,65.2996
0.157,0,9000,1075.5,66.3707
0.158,0,9000,1084.5,67.4507
0.159,0,9000,1093.5,68.5397
0.16,0,9000,1102.5,69.6377
0.161,0,9000,1111.5,70.7447
0.162,0,9000,1120.5,71.8607
0.163,0,9000,1129.5,72.9857
0.164,0,9000,1138.5,74.1197
0.165,0,9000,1147.5,75.2627
0.166,0,9000,1156.5,76.4147
0.167,0,9000,1165.5,77.5757
0.168,0,9000,1174.5,78.7457
0.169,0,9000,1183.5,79.9247
0.17,0,9000,1192.5,81.1127
0.171,0,9000,1201.5,82.3097
0.172,0,9000,1210.5,83.5157
0.173,0,9000,1219.5,84.7307
0.174,0,9000,1228.5,85.9547
0.175,0,9000,1237.5,87.1877
0.176,0,9000,1246.5,88.4297
0.177,0,9000,1255.5,89.6807
0.178,0,9000,1264.5,90.9407
0.179,0,9000,1273.5,92.2097
0.18,0,9000,1282.5,93.4877
0.181,0,9000,1291.5,94.7747
0.182,0,9000,1300.5,96.0707
0.183,0,9000,1309.5,97.3757
0.184,0,9000,1318.5,98.6898
0.185,0,9000,1327.5,100.013
0.186,0,9000,1336.5,101.345
0.187,0,9000,1345.5,102.686
0.188,0,9000,1354.5,104.036
0.189,0,9000,1363.5,105.395
0.19,0,9000,1372.5,106.763
0.191,0,9000,1381.5,108.14
0.192,0,9000,1390.5,109.526
0.193,0,9000,1399.5,110.921
0.194,0,9000,1408.5,112.325
0.195,0,9000,1417.5,113.738
0.196,0,9000,1426.5,115.16
0.197,0,9000,1435.5,116.591
0.198,0,9000,1444.5,118.031
0.199,0,9000,1453.5,119.48
0.2,0,9000,1462.5,120.938
0.201,0,9000,1471.5,122.405
0.202,0,9000,1480.5,123.881
0.203,0,9000,1489.5,125.366
0.204,0,9000,1498.5,126.86
0.205,0,9000,1507.5,128.363
0.206,0,9000,1516.5,129.875
0.207,0,9000,1525.5,131.396
0.208,0,9000,1534.5,132.926
0.209,0,9000,1543.5,134.465
0.21,0,9000,1552.5,136.013
0.211,0,9000,1561.5,137.57
0.212,0,9000,1570.5,139.136
0.213,0,9000,1579.5,140.711
0.214,0,9000,1588.5,142.295
0.215,0,9000,1597.5,143.888
0.216,0,9000,1606.5,145.49
0.217,0,9000,1615.5,147.101
0.218,0,9000,1624.5,148.721
0.219,0,9000,1633.5,150.35
0.22,0,9000,1642.5,151.988
0.221,0,9000,1651.5,153.635
0.222,0,9000,1660.5,155.291
0.223,0,9000,1669.5,156.956
0.224,0,9000,1678.5,158.63
0.225,0,9000,1687.5,160.313
0.226,0,9000,1696.5,162.005
0.227,0,9000,1705.5,163.706
0.228,0,9000,1714.5,165.416
0.229,0,9000,1723.5,167.135
0.23,0,9000,1732.5,168.863
0.231,0,9000,1741.5,170.6
0.232,0,9000,1750.5,172.346
0.233,0,9000,1759.5,174.101
0.234,0,9000,1768.5,175.865
0.235,0,9000,1777.5,177.638
0.236,0,9000,1786.5,179.42
0.237,0,9000,1795.5,181.211
0.238,0,9000,1804.5,183.011
0.239,0,9000,1813.5,184.82
0.24,0,9000,1822.5,186.638
0.241,0,9000,1831.5,188.465
0.242,0,9000,1840.5,190.301
0.243,0,9000,1849.5,192.146
0.244,0,9000,1858.5,194
0.245,0,9000,1867.5,195.863
0.246,0,9000,1876.5,197.735
0.247,0,9000,1885.5,199.616
0.248,0,9000,1894.5,201.506
0.249,0,9000,1903.5,203.405
0.25,0,9000,1912.5,205.313
0.251,0,9000,1921.5,207.23
0.252,0,9000,1930.5,209.156
0.253,0,9000,1939.5,211.091
0.254,0,9000,1948.5,213.035
0.255,0,9000,1957.5,214.988
0.256,0,9000,1966.5,216.95
0.257,0,9000,1975.5,218.921
0.258,0,9000,1984.5,220.901
0.259,0,9000,1993.5,222.89
0.26,0,9000,2002.5,224.888
0.261,0,9000,2011.5,226.895
0.262,0,9000,2020.5,228.911
0.263,0,9000,2029.5,230.936
0.264,0,9000,2038.5,232.97
0.265,0,9000,2047.5,235.013
0.266,0,9000,2056.5,237.065
0.267,-120000,8959.99,2065.49,239.126
0.268,-120000,8839.99,2074.39,241.196
0.269,-120000,8719.99,2083.17,243.274
0.27,-120000,8600,2091.83,245.362
0.271,-120000,8480,2100.37,247.458
0.272,-120000,8360,2108.79,249.563
0.273,-120000,8240,2117.09,251.675
0.274,-120000,8120,2125.27,253.797
0.275,-120000,8000,2133.33,255.926
0.276,-120000,7880,2141.27,258.063
0.277,-120000,7760.01,2149.09,260.208
0.278,-120000,7640.01,2156.79,262.361
0.279,-120000,7520.01,2164.37,264.522
0.28,-120000,7400.01,2171.83,266.69
0.281,-120000,7280.01,2179.17,268.865
0.282,-120000,7160.01,2186.39,271.048
0.283,-120000,7040.02,2193.49,273.238
0.284,-120000,6920.02,2200.47,275.435
0.285,-120000,6800.02,2207.33,277.639
0.286,-120000,6680.02,2214.07,279.85
0.287,-120000,6560.02,2220.69,282.067
0.288,-120000,6440.02,2227.19,284.291
0.289,-120000,6320.02,2233.57,286.521
0.29,-120000,6200.03,2239.83,288.758
0.291,-120000,6080.03,2245.97,291.001
0.292,-120000,5960.03,2251.99,293.25
0.293,-120000,5840.03,2257.89,295.505
0.294,-120000,5720.03,2263.67,297.765
0.295,-120000,5600.03,2269.33,300.032
0.296,-120000,5480.04,2274.87,302.304
0.297,-120000,5360.04,2280.29,304.582
0.298,-120000,5240.04,2285.59,306.865
0.299,-120000,5120.04,2290.77,309.153
0.3,-120000,5000.04,2295.83,311.446
0.301,-120000,4880.04,2300.77,313.744
0.302,-120000,4760.04,2305.59,316.047
0.303,-120000,4640.05,2310.29,318.355
0.304,-120000,4520.05,2314.87,320.668
0.305,-120000,4400.05,2319.33,322.985
0.306,-120000,4280.05,2323.67,325.306
0.307,-120000,4160.05,2327.89,327.632
0.308,-120000,4040.05,2331.99,329.962
0.309,-120000,3920.06,2335.97,332.296
0.31,-120000,3800.06,2339.83,334.634
0.311,-120000,3680.06,2343.57,336.976
0.312,-120000,3560.06,2347.19,339.321
0.313,-120000,3440.06,2350.69,341.67
0.314,-120000,3320.06,2354.07,344.022
0.314999,-120000,3200.06,2357.33,346.378
0.315999,-120000,3080.07,2360.47,348.737
0.316999,-120000,2960.07,2363.49,351.099
0.317999,-120000,2840.07,2366.39,353.464
0.318999,-120000,2720.07,2369.17,355.832
0.319999,-120000,2600.07,2371.83,358.202
0.320999,-120000,2480.07,2374.37,360.575
0.321999,-120000,2360.08,2376.79,362.951
0.322999,-120000,2240.08,2379.09,365.329
0.323999,-120000,2120.08,2381.27,367.709
0.324999,-120000,2000.08,2383.33,370.091
0.325999,-120000,1880.08,2385.27,372.475
0.326999,-120000,1760.08,2387.09,374.861
0.327999,-120000,1640.08,2388.79,377.249
0.328999,-120000,1520.09,2390.37,379.639
0.329999,-120000,1400.09,2391.83,382.03
0.330999,-120000,1280.09,2393.17,384.423
0.331999,-120000,1160.09,2394.39,386.816
0.332999,-120000,1040.09,2395.49,389.211
0.333999,-120000,920.094,2396.47,391.607
0.334999,-120000,800.096,2397.33,394.004
0.335999,-120000,680.097,2398.07,396.402
0.336999,-120000,560.099,2398.69,398.8
0.337999,-120000,440.1,2399.19,401.199
0.338999,-120000,320.102,2399.57,403.598
0.339999,-120000,200.104,2399.83,405.998
0.340999,-120000,80.1051,2399.97,408.398
0.341999,0,0,2400,410.798
0.342999,0,0,2400,413.198
0.343999,0,0,2400,415.598
0.344999,0,0,2400,417.998
0.345999,0,0,2400,420.398
0.346999,0,0,2400,422.798
0.347999,0,0,2400,425.198
0.348999,0,0,2400,427.598
0.349999,0,0,2400,429.998
0.350999,0,0,2400,432.398
0.351999,0,0,2400,434.798
0.352999,0,0,2400,437.198
0.353999,0,0,2400,439.598
0.354999,0,0,2400,441.997
0.355999,0,0,2400,444.397
0.356999,0,0,2400,446.797
0.357999,0,0,2400,449.197
0.358999,0,0,2400,451.597
0.359999,0,0,2400,453.997
0.360999,0,0,2400,456.397
0.361999,0,0,2400,458.797
0.362999,0,0,2400,461.197
0.363999,0,0,2400,463.597
0.364999,0,0,2400,465.997
0.365999,0,0,2400,468.397
0.366999,0,0,2400,470.797
0.367999,0,0,2400,473.197
0.368999,0,0,2400,475.597
0.369999,0,0,2400,477.997
0.370999,0,0,2400,480.397
0.371999,0,0,2400,482.797
0.372999,0,0,2400,485.197
0.373999,0,0,2400,487.597
0.374999,0,0,2400,489.997
0.375999,0,0,2400,492.397
0.376999,0,0,2400,494.797
0.377999,0,0,2400,497.197
0.378999,0,0,2400,499.597
0.379999,0,0,2400,501.997
0.380999,0,0,2400,504.397
0.381999,0,0,2400,506.797
0.382999,0,0,2400,509.197
0.383999,0,0,2400,511.597
0.384999,0,0,2400,513.997
0.385999,0,0,2400,516.397
0.386999,0,0,2400,518.797
0.387999,0,0,2400,521.196
0.388999,0,0,2400,523.596
0.389999,0,0,2400,525.996
0.390999,0,0,2400,528.396
0.391998,0,0,2400,530.796
0.392998,0,0,2400,533.196
0.393998,0,0,2400,535.596
0.394998,0,0,2400,537.996
0.395998,0,0,2400,540.396
0.396998,0,0,2400,542.796
0.397998,0,0,2400,545.196
0.398998,0,0,2400,547.596
0.399998,0,0,2400,549.996
0.400998,0,0,2400,552.396
0.401998,0,0,2400,554.796
0.402998,0,0,2400,557.196
0.403998,0,0,2400,559.596
0.404998,0,0,2400,561.996
0.405998,0,0,2400,564.396
0.406998,0,0,2400,566.796
0.407998,0,0,2400,569.196
0.408998,0,0,2400,571.596
0.409998,0,0,2400,573.996
0.410998,0,0,2400,576.396
0.411998,0,0,2400,578.796
0.412998,0,0,2400,581.196
0.413998,0,0,2400,583.596
0.414998,0,0,2400,585.996
0.415998,0,0,2400,588.396
0.416998,0,0,2400,590.796
0.417998,0,0,2400,593.196
0.418998,0,0,2400,595.596
0.419998,0,0,2400,597.995
0.420998,0,0,2400,600.395
0.421998,0,0,2400,602.795
0.422998,0,0,2400,605.195
0.423998,0,0,2400,607.595
0.424998,0,0,2400,609.995
0.425998,0,0,2400,612.395
0.426998,0,0,2400,614.795
0.427998,0,0,2400,617.195
0.428998,0,0,2400,619.595
0.429998,0,0,2400,621.995
0.430998,0,0,2400,624.395
0.431998,0,0,2400,626.795
0.432998,0,0,2400,629.195
0.433998,0,0,2400,631.595
0.434998,0,0,2400,633.995
0.435998,0,0,2400,636.395
0.436998,0,0,2400,638.795
0.437998,0,0,2400,641.195
0.438998,0,0,2400,643.595
0.439998,0,0,2400,645.995
0.440998,0,0,2400,648.395
0.441998,0,0,2400,650.795
0.442998,0,0,2400,653.195
0.443998,0,0,2400,655.595
0.444998,0,0,2400,657.995
0.445998,0,0,2400,660.395
0.446998,0,0,2400,662.795
0.447998,0,0,2400,665.195
0.448998,0,0,2400,667.595
0.449998,0,0,2400,669.995
0.450998,0,0,2400,672.395
0.451998,0,0,2400,674.794
0.452998,0,0,2400,677.194
0.453998,0,0,2400,679.594
0.454998,0,0,2400,681.994
0.455998,0,0,2400,684.394
0.456998,0,0,2400,686.794
0.457998,0,0,2400,689.194
0.458998,0,0,2400,691.594
0.459998,0,0,2400,693.994
0.460998,0,0,2400,696.394
0.461998,0,0,2400,698.794
0.462998,0,0,2400,701.194
0.463998,0,0,2400,703.594
0.464998,-120000,-49.7067,2399.99,705.994
0.465998,-120000,-169.705,2399.88,708.394
0.466998,-120000,-289.704,2399.65,710.794
0.467998,-120000,-409.702,2399.3,713.193
0.468998,-120000,-529.701,2398.83,715.592
0.469997,-120000,-649.699,2398.24,717.991
0.470997,-120000,-769.697,2397.53,720.389
0.471997,-120000,-889.696,2396.7,722.786
0.472997,-120000,-1009.69,2395.75,725.182
0.473997,-120000,-1129.69,2394.68,727.577
0.474997,-120000,-1249.69,2393.49,729.971
0.475997,-120000,-1369.69,2392.18,732.364
0.476997,-120000,-1489.69,2390.75,734.755
0.477997,-120000,-1609.69,2389.2,737.145
0.478997,-120000,-1729.69,2387.53,739.534
0.479997,-120000,-1849.68,2385.74,741.92
0.480997,-120000,-1969.68,2383.83,744.305
0.481997,-120000,-2089.68,2381.81,746.688
0.482997,-120000,-2209.68,2379.66,749.069
0.483997,-120000,-2329.68,2377.39,751.447
0.484997,-120000,-2449.68,2375,753.823
0.485997,-120000,-2569.67,2372.49,756.197
0.486997,-120000,-2689.67,2369.86,758.568
0.487997,-120000,-2809.67,2367.11,760.937
0.488997,-120000,-2929.67,2364.24,763.302
0.489997,-120000,-3049.67,2361.25,765.665
0.490997,-120000,-3169.67,2358.14,768.025
0.491997,-120000,-3289.67,2354.91,770.381
0.492997,-120000,-3409.66,2351.56,772.734
0.493997,-120000,-3529.66,2348.09,775.084
0.494997,-120000,-3649.66,2344.5,777.431
0.495997,-120000,-3769.66,2340.79,779.773
0.496997,-120000,-3889.66,2336.96,782.112
0.497997,-120000,-4009.66,2333.01,784.447
0.498997,-120000,-4129.65,2328.94,786.778
0.499997,-120000,-4249.65,2324.75,789.105
0.500997,-120000,-4369.65,2320.44,791.427
0.501997,-120000,-4489.65,2316.01,793.746
0.502997,-120000,-4609.65,2311.46,796.059
0.503997,-120000,-4729.65,2306.79,798.368
0.504997,-120000,-4849.65,2302,800.673
0.505997,-120000,-4969.65,2297.09,802.972
0.506997,-120000,-5089.65,2292.06,805.267
0.507997,-120000,-5209.64,2286.92,807.556
0.508997,-120000,-5329.64,2281.65,809.841
0.509997,-120000,-5449.64,2276.26,812.12
0.510997,-120000,-5569.64,2270.75,814.393
0.511997,-120000,-5689.64,2265.12,816.661
0.512997,-120000,-5809.64,2259.37,818.923
0.513997,-120000,-5929.63,2253.5,821.18
0.514997,-120000,-6049.63,2247.51,823.43
0.515997,-120000,-6169.63,2241.4,825.675
0.516997,-120000,-6289.63,2235.17,827.913
0.517997,-120000,-6409.63,2228.82,830.145
0.518997,-120000,-6529.63,2222.35,832.37
0.519997,-120000,-6649.63,2215.76,834.589
0.520997,-120000,-6769.62,2209.05,836.802
0.521997,-120000,-6889.62,2202.22,839.007
0.522997,-120000,-7009.62,2195.27,841.206
0.523997,-120000,-7129.62,2188.2,843.398
0.524997,-120000,-7249.62,2181.01,845.582
0.525997,-120000,-7369.62,2173.7,847.76
0.526997,-120000,-7489.61,2166.27,849.93
0.527997,-120000,-7609.61,2158.72,852.092
0.528997,-120000,-7729.61,2151.05,854.247
0.529997,-120000,-7849.61,2143.27,856.394
0.530997,-120000,-7969.61,2135.36,858.534
0.531997,-120000,-8089.61,2127.33,860.665
0.532997,-120000,-8209.61,2119.18,862.788
0.533997,-120000,-8329.6,2110.91,864.903
0.534997,-120000,-8449.6,2102.52,867.01
0.535997,-120000,-8569.6,2094.01,869.108
0.536997,-120000,-8689.6,2085.38,871.198
0.537997,-120000,-8809.6,2076.63,873.279
0.538997,-120000,-8929.6,2067.76,875.351
0.539997,0,-9000,2058.78,877.414
0.540997,0,-9000,2049.78,879.468
0.541997,0,-9000,2040.78,881.514
0.542997,0,-9000,2031.78,883.55
0.543997,0,-9000,2022.78,885.577
0.544997,0,-9000,2013.78,887.595
0.545997,0,-9000,2004.78,889.605
0.546997,0,-9000,1995.78,891.605
0.547997,0,-9000,1986.78,893.596
0.548997,0,-9000,1977.78,895.578
0.549996,0,-9000,1968.78,897.552
0.550996,0,-9000,1959.78,899.516
0.551996,0,-9000,1950.78,901.471
0.552996,0,-9000,1941.78,903.417
0.553996,0,-9000,1932.78,905.355
0.554996,0,-9000,1923.78,907.283
0.555996,0,-9000,1914.78,909.202
0.556996,0,-9000,1905.78,911.112
0.557996,0,-9000,1896.78,913.014
0.558996,0,-9000,1887.78,914.906
0.559996,0,-9000,1878.78,916.789
0.560996,0,-9000,1869.78,918.664
0.561996,0,-9000,1860.78,920.529
0.562996,0,-9000,1851.78,922.385
0.563996,0,-9000,1842.78,924.232
0.564996,0,-9000,1833.78,926.071
0.565996,0,-9000,1824.78,927.9
0.566996,0,-9000,1815.78,929.72
0.567996,0,-9000,1806.78,931.531
0.568996,0,-9000,1797.78,933.334
0.569996,0,-9000,1788.78,935.127
0.570996,0,-9000,1779.78,936.911
0.571996,0,-9000,1770.78,938.686
0.572996,0,-9000,1761.78,940.453
0.573996,0,-9000,1752.78,942.21
0.574996,0,-9000,1743.78,943.958
0.575996,0,-9000,1734.78,945.697
0.576996,0,-9000,1725.78,947.428
0.577996,0,-9000,1716.78,949.149
0.578996,0,-9000,1707.78,950.861
0.579996,0,-9000,1698.79,952.564
0.580996,0,-9000,1689.79,954.259
0.581996,0,-9000,1680.79,955.944
0.582996,0,-9000,1671.79,957.62
0.583996,0,-9000,1662.79,959.288
0.584996,0,-9000,1653.79,960.946
0.585996,0,-9000,1644.79,962.595
0.586996,0,-9000,1635.79,964.235
0.587996,0,-9000,1626.79,965.867
0.588996,0,-9000,1617.79,967.489
0.589996,0,-9000,1608.79,969.102
0.590996,0,-9000,1599.79,970.706
0.591996,0,-9000,1590.79,972.302
0.592996,0,-9000,1581.79,973.888
0.593996,0,-9000,1572.79,975.465
0.594996,0,-9000,1563.79,977.033
0.595996,0,-9000,1554.79,978.593
0.596996,0,-9000,1545.79,980.143
0.597996,120000,-8990.5,1536.79,981.684
0.598996,120000,-8870.5,1527.86,983.217
0.599996,120000,-8750.5,1519.05,984.74
0.600996,120000,-8630.5,1510.36,986.255
0.601996,120000,-8510.5,1501.79,987.761
0.602996,120000,-8390.5,1493.34,989.258
0.603996,120000,-8270.51,1485.01,990.747
0.604996,120000,-8150.51,1476.79,992.228
0.605996,120000,-8030.51,1468.7,993.701
0.606996,120000,-7910.51,1460.73,995.166
0.607996,120000,-7790.51,1452.88,996.622
0.608996,120000,-7670.51,1445.15,998.071
0.609996,120000,-7550.52,1437.54,999.513
0.610996,120000,-7430.52,1430.05,1000.95
0.611996,120000,-7310.52,1422.68,1002.37
0.612996,120000,-7190.52,1415.43,1003.79
0.613996,120000,-7070.52,1408.3,1005.2
0.614996,120000,-6950.52,1401.29,1006.61
0.615996,120000,-6830.52,1394.4,1008.01
0.616996,120000,-6710.53,1387.63,1009.4
0.617996,120000,-6590.53,1380.98,1010.78
0.618996,120000,-6470.53,1374.45,1012.16
0.619996,120000,-6350.53,1368.04,1013.53
0.620996,120000,-6230.53,1361.75,1014.9
0.621996,120000,-6110.53,1355.58,1016.25
0.622996,120000,-5990.54,1349.53,1017.61
0.623996,120000,-5870.54,1343.6,1018.95
0.624996,120000,-5750.54,1337.79,1020.29
0.625996,120000,-5630.54,1332.1,1021.63
0.626996,120000,-5510.54,1326.53,1022.96
0.627995,120000,-5390.54,1321.07,1024.28
0.628995,120000,-5270.54,1315.74,1025.6
0.629995,120000,-5150.55,1310.53,1026.91
0.630995,120000,-5030.55,1305.44,1028.22
0.631995,120000,-4910.55,1300.47,1029.52
0.632995,120000,-4790.55,1295.62,1030.82
0.633995,120000,-4670.55,1290.89,1032.12
0.634995,120000,-4550.55,1286.28,1033.4
0.635995,120000,-4430.56,1281.79,1034.69
0.636995,120000,-4310.56,1277.42,1035.97
0.637995,120000,-4190.56,1273.17,1037.24
0.638995,120000,-4070.56,1269.04,1038.51
0.639995,120000,-3950.56,1265.03,1039.78
0.640995,120000,-3830.56,1261.14,1041.04
0.641995,120000,-3710.56,1257.37,1042.3
0.642995,120000,-3590.57,1253.72,1043.56
0.643995,120000,-3470.57,1250.19,1044.81
0.644995,120000,-3350.57,1246.78,1046.06
0.645995,120000,-3230.57,1243.49,1047.3
0.646995,120000,-3110.57,1240.32,1048.55
0.647995,120000,-2990.57,1237.26,1049.78
0.648995,120000,-2870.58,1234.33,1051.02
0.649995,120000,-2750.58,1231.52,1052.25
0.650995,120000,-2630.58,1228.83,1053.48
0.651995,120000,-2510.58,1226.26,1054.71
0.652995,120000,-2390.58,1223.81,1055.94
0.653995,120000,-2270.58,1221.48,1057.16
0.654995,120000,-2150.58,1219.27,1058.38
0.655995,120000,-2030.59,1217.18,1059.6
0.656995,120000,-1910.59,1215.21,1060.81
0.657995,120000,-1790.59,1213.36,1062.03
0.658995,120000,-1670.59,1211.63,1063.24
0.659995,120000,-1550.59,1210.02,1064.45
0.660995,120000,-1430.59,1208.53,1065.66
0.661995,120000,-1310.6,1207.16,1066.87
0.662995,120000,-1190.6,1205.91,1068.07
0.663995,120000,-1070.6,1204.78,1069.28
0.664995,120000,-950.6,1203.77,1070.48
0.665995,120000,-830.601,1202.87,1071.69
0.666995,120000,-710.603,1202.1,1072.89
0.667995,120000,-590.605,1201.45,1074.09
0.668995,120000,-470.606,1200.92,1075.29
0.669995,120000,-350.608,1200.51,1076.49
0.670995,120000,-230.609,1200.22,1077.69
0.671995,120000,-110.611,1200.05,1078.89
0.672917,0,0,1200,1080
0.673917,120000,119.998,1200.06,1081.2
0.674917,120000,239.997,1200.24,1082.4
0.675917,120000,359.995,1200.54,1083.6
0.676917,120000,479.994,1200.96,1084.8
0.677917,120000,599.992,1201.5,1086
0.678917,120000,719.991,1202.16,1087.2
0.679917,120000,839.989,1202.94,1088.41
0.680917,120000,959.988,1203.84,1089.61
0.681917,120000,1079.99,1204.86,1090.81
0.682917,120000,1199.98,1206,1092.02
0.683917,120000,1319.98,1207.26,1093.23
0.684916,120000,1439.98,1208.64,1094.43
0.685916,120000,1559.98,1210.14,1095.64
0.686916,120000,1679.98,1211.76,1096.85
0.687916,120000,1799.98,1213.5,1098.07
0.688916,120000,1919.98,1215.36,1099.28
0.689916,120000,2039.97,1217.34,1100.5
0.690916,120000,2159.97,1219.44,1101.72
0.691916,120000,2279.97,1221.66,1102.94
0.692916,120000,2399.97,1224,1104.16
0.693916,120000,2519.97,1226.46,1105.38
0.694916,120000,2639.97,1229.04,1106.61
0.695916,120000,2759.96,1231.74,1107.84
0.696916,120000,2879.96,1234.56,1109.08
0.697916,120000,2999.96,1237.5,1110.31
0.698916,120000,3119.96,1240.56,1111.55
0.699916,120000,3239.96,1243.74,1112.79
0.700916,120000,3359.96,1247.04,1114.04
0.701916,120000,3479.96,1250.46,1115.29
0.702916,120000,3599.95,1254,1116.54
0.703916,120000,3719.95,1257.66,1117.8
0.704916,120000,3839.95,1261.44,1119.05
0.705916,120000,3959.95,1265.34,1120.32
0.706916,120000,4079.95,1269.36,1121.59
0.707916,120000,4199.95,1273.5,1122.86
0.708916,120000,4319.94,1277.76,1124.13
0.709916,120000,4439.94,1282.14,1125.41
0.710916,120000,4559.94,1286.64,1126.7
0.711916,120000,4679.94,1291.26,1127.99
0.712916,120000,4799.94,1296,1129.28
0.713916,120000,4919.94,1300.86,1130.58
0.714916,120000,5039.94,1305.84,1131.88
0.715916,120000,5159.93,1310.94,1133.19
0.716916,120000,5279.93,1316.16,1134.5
0.717916,120000,5399.93,1321.5,1135.82
0.718916,120000,5519.93,1326.96,1137.15
0.719916,120000,5639.93,1332.54,1138.48
0.720916,120000,5759.93,1338.24,1139.81
0.721916,120000,5879.92,1344.06,1141.15
0.722916,120000,5999.92,1350,1142.5
0.723916,120000,6119.92,1356.06,1143.85
0.724916,120000,6239.92,1362.24,1145.21
0.725916,120000,6359.92,1368.54,1146.58
0.726916,120000,6479.92,1374.96,1147.95
0.727916,120000,6599.92,1381.5,1149.33
0.728916,-120000,6643.74,1388.14,1150.71
0.729916,-120000,6523.74,1394.73,1152.1
0.730916,-120000,6403.74,1401.19,1153.5
0.731916,-120000,6283.74,1407.53,1154.91
0.732916,-120000,6163.74,1413.76,1156.32
0.733916,-120000,6043.74,1419.86,1157.73
0.734916,-120000,5923.75,1425.84,1159.16
0.735916,-120000,5803.75,1431.71,1160.58
0.736916,-120000,5683.75,1437.45,1162.02
0.737916,-120000,5563.75,1443.08,1163.46
0.738916,-120000,5443.75,1448.58,1164.9
0.739916,-120000,5323.75,1453.96,1166.36
0.740916,-120000,5203.75,1459.23,1167.81
0.741916,-120000,5083.76,1464.37,1169.27
0.742916,-120000,4963.76,1469.39,1170.74
0.743916,-120000,4843.76,1474.3,1172.21
0.744916,-120000,4723.76,1479.08,1173.69
0.745916,-120000,4603.76,1483.75,1175.17
0.746916,-120000,4483.76,1488.29,1176.66
0.747916,-120000,4363.77,1492.71,1178.15
0.748916,-120000,4243.77,1497.02,1179.64
0.749916,-120000,4123.77,1501.2,1181.14
0.750916,-120000,4003.77,1505.26,1182.64
0.751916,-120000,3883.77,1509.21,1184.15
0.752916,-120000,3763.77,1513.03,1185.66
0.753916,-120000,3643.77,1516.74,1187.18
0.754916,-120000,3523.78,1520.32,1188.7
0.755916,-120000,3403.78,1523.78,1190.22
0.756916,-120000,3283.78,1527.13,1191.74
0.757916,-120000,3163.78,1530.35,1193.27
0.758916,-120000,3043.78,1533.45,1194.8
0.759916,-120000,2923.78,1536.44,1196.34
0.760916,-120000,2803.79,1539.3,1197.88
0.761916,-120000,2683.79,1542.05,1199.42
0.762915,-120000,2563.79,1544.67,1200.96
0.763915,-120000,2443.79,1547.17,1202.51
0.764915,-120000,2323.79,1549.56,1204.06
0.765915,-120000,2203.79,1551.82,1205.61
0.766915,-120000,2083.79,1553.96,1207.16
0.767915,-120000,1963.8,1555.99,1208.71
0.768915,-120000,1843.8,1557.89,1210.27
0.769915,-120000,1723.8,1559.68,1211.83
0.770915,-120000,1603.8,1561.34,1213.39
0.771915,-120000,1483.8,1562.88,1214.95
0.772915,-120000,1363.8,1564.31,1216.52
0.773915,-120000,1243.81,1565.61,1218.08
0.774915,-120000,1123.81,1566.79,1219.65
0.775915,-120000,1003.81,1567.86,1221.21
0.776915,-120000,883.81,1568.8,1222.78
0.777915,-120000,763.812,1569.63,1224.35
0.778915,-120000,643.813,1570.33,1225.92
0.779915,-120000,523.815,1570.91,1227.49
0.780915,-120000,403.816,1571.38,1229.06
0.781915,-120000,283.818,1571.72,1230.64
0.782915,-120000,163.819,1571.94,1232.21
0.783915,-120000,43.821,1572.05,1233.78
0.784915,0,0,1572.06,1235.35
0.785915,0,0,1572.06,1236.92
0.786915,0,0,1572.06,1238.5
0.787915,0,0,1572.06,1240.07
0.788915,-120000,-29.726,1572.05,1241.64
0.789915,-120000,-149.724,1571.96,1243.21
0.790915,-120000,-269.723,1571.75,1244.78
0.791915,-120000,-389.721,1571.42,1246.35
0.792915,-120000,-509.72,1570.97,1247.93
0.793915,-120000,-629.718,1570.4,1249.5
0.794915,-120000,-749.717,1569.71,1251.07
0.795915,-120000,-869.715,1568.9,1252.64
0.796915,-120000,-989.714,1567.98,1254.2
0.797915,-120000,-1109.71,1566.93,1255.77
0.798915,-120000,-1229.71,1565.76,1257.34
0.799915,-120000,-1349.71,1564.47,1258.9
0.800915,-120000,-1469.71,1563.06,1260.47
0.801915,-120000,-1589.71,1561.53,1262.03
0.802915,-120000,-1709.7,1559.88,1263.59
0.803915,-120000,-1829.7,1558.11,1265.15
0.804915,-120000,-1949.7,1556.22,1266.71
0.805915,-120000,-2069.7,1554.21,1268.26
0.806915,-120000,-2189.7,1552.08,1269.81
0.807915,-120000,-2309.7,1549.83,1271.37
0.808915,-120000,-2429.7,1547.46,1272.91
0.809915,-120000,-2549.69,1544.97,1274.46
0.810915,-120000,-2669.69,1542.36,1276
0.811915,-120000,-2789.69,1539.63,1277.54
0.812915,-120000,-2909.69,1536.78,1279.08
0.813915,-120000,-3029.69,1533.81,1280.62
0.814915,-120000,-3149.69,1530.72,1282.15
0.815915,-120000,-3269.68,1527.51,1283.68
0.816915,-120000,-3389.68,1524.18,1285.21
0.817915,-120000,-3509.68,1520.73,1286.73
0.818915,-120000,-3629.68,1517.16,1288.25
0.819915,-120000,-3749.68,1513.47,1289.76
0.820915,-120000,-3869.68,1509.66,1291.27
0.821915,-120000,-3989.68,1505.73,1292.78
0.822915,-120000,-4109.67,1501.68,1294.29
0.823915,-120000,-4229.67,1497.51,1295.78
0.824915,-120000,-4349.67,1493.22,1297.28
0.825915,-120000,-4469.67,1488.82,1298.77
0.826915,-120000,-4589.67,1484.29,1300.26
0.827915,-120000,-4709.67,1479.64,1301.74
0.828915,-120000,-4829.66,1474.87,1303.22
0.829915,-120000,-4949.66,1469.98,1304.69
0.830915,-120000,-5069.66,1464.97,1306.16
0.831915,-120000,-5189.66,1459.84,1307.62
0.832915,-120000,-5309.66,1454.59,1309.08
0.833915,-120000,-5429.66,1449.22,1310.53
0.834915,-120000,-5549.65,1443.73,1311.97
0.835915,-120000,-5669.65,1438.12,1313.42
0.836915,-120000,-5789.65,1432.39,1314.85
0.837915,-120000,-5909.65,1426.54,1316.28
0.838915,-120000,-6029.65,1420.57,1317.7
0.839915,-120000,-6149.65,1414.48,1319.12
0.840914,-120000,-6269.65,1408.27,1320.53
0.841914,-120000,-6389.64,1401.94,1321.94
0.842914,-120000,-6509.64,1395.49,1323.34
0.843914,-120000,-6629.64,1388.92,1324.73
0.844914,-120000,-6749.64,1382.23,1326.11
0.845914,-120000,-6869.64,1375.42,1327.49
0.846914,-120000,-6989.64,1368.49,1328.87
0.847914,-120000,-7109.63,1361.44,1330.23
0.848914,-120000,-7229.63,1354.27,1331.59
0.849914,-120000,-7349.63,1346.99,1332.94
0.850914,-120000,-7469.63,1339.58,1334.28
0.851914,-120000,-7589.63,1332.05,1335.62
0.852914,-120000,-7709.63,1324.4,1336.95
0.853914,-120000,-7829.63,1316.63,1338.27
0.854914,-120000,-7949.62,1308.74,1339.58
0.855914,-120000,-8069.62,1300.73,1340.88
0.856914,-120000,-8189.62,1292.6,1342.18
0.857914,-120000,-8309.62,1284.35,1343.47
0.858914,-120000,-8429.62,1275.98,1344.75
0.859914,-120000,-8549.62,1267.49,1346.02
0.860914,-120000,-8669.62,1258.88,1347.28
0.861914,-120000,-8789.61,1250.15,1348.54
0.862914,-120000,-8909.61,1241.3,1349.78
0.863914,0,-9000,1232.34,1351.02
0.864914,0,-9000,1223.34,1352.25
0.865914,0,-9000,1214.34,1353.47
0.866914,0,-9000,1205.34,1354.68
0.867914,0,-9000,1196.34,1355.88
0.868914,0,-9000,1187.34,1357.07
0.869914,0,-9000,1178.34,1358.25
0.870914,0,-9000,1169.34,1359.43
0.871914,0,-9000,1160.34,1360.59
0.872914,0,-9000,1151.34,1361.75
0.873914,0,-9000,1142.34,1362.89
0.874914,0,-9000,1133.34,1364.03
0.875914,0,-9000,1124.34,1365.16
0.876914,0,-9000,1115.34,1366.28
0.877914,0,-9000,1106.34,1367.39
0.878914,0,-9000,1097.34,1368.49
0.879914,0,-9000,1088.34,1369.59
0.880914,0,-9000,1079.34,1370.67
0.881914,0,-9000,1070.34,1371.74
0.882914,0,-9000,1061.34,1372.81
0.883914,0,-9000,1052.34,1373.87
0.884914,0,-9000,1043.34,1374.92
0.885914,0,-9000,1034.34,1375.95
0.886914,0,-9000,1025.34,1376.98
0.887914,0,-9000,1016.34,1378
0.888914,0,-9000,1007.34,1379.02
0.889914,0,-9000,998.339,1380.02
0.890914,0,-9000,989.339,1381.01
0.891914,0,-9000,980.339,1382
0.892914,0,-9000,971.339,1382.97
0.893914,0,-9000,962.339,1383.94
0.894914,0,-9000,953.339,1384.9
0.895914,0,-9000,944.339,1385.85
0.896914,120000,-8971.2,935.343,1386.79
0.897914,120000,-8851.2,926.432,1387.72
0.898914,120000,-8731.2,917.641,1388.64
0.899914,120000,-8611.2,908.97,1389.55
0.900914,120000,-8491.2,900.419,1390.46
0.901914,120000,-8371.2,891.988,1391.35
0.902914,120000,-8251.2,883.677,1392.24
0.903914,120000,-8131.21,875.485,1393.12
0.904914,120000,-8011.21,867.414,1393.99
0.905914,120000,-7891.21,859.463,1394.86
0.906914,120000,-7771.21,851.632,1395.71
0.907914,120000,-7651.21,843.921,1396.56
0.908914,120000,-7531.21,836.33,1397.4
0.909914,120000,-7411.22,828.859,1398.23
0.910914,120000,-7291.22,821.508,1399.06
0.911914,120000,-7171.22,814.277,1399.88
0.912914,120000,-7051.22,807.165,1400.69
0.913914,120000,-6931.22,800.174,1401.49
0.914914,120000,-6811.22,793.303,1402.29
0.915914,120000,-6691.22,786.552,1403.08
0.916914,120000,-6571.23,779.921,1403.86
0.917913,120000,-6451.23,773.41,1404.64
0.918913,120000,-6331.23,767.019,1405.41
0.919913,120000,-6211.23,760.747,1406.17
0.920913,120000,-6091.23,754.596,1406.93
0.921913,120000,-5971.23,748.565,1407.68
0.922913,120000,-5851.24,742.654,1408.43
0.923913,120000,-5731.24,736.863,1409.16
0.924913,120000,-5611.24,731.192,1409.9
0.925913,120000,-5491.24,725.641,1410.63
0.926913,120000,-5371.24,720.209,1411.35
0.927913,120000,-5251.24,714.898,1412.07
0.928913,120000,-5131.24,709.707,1412.78
0.929913,120000,-5011.25,704.636,1413.49
0.930913,120000,-4891.25,699.685,1414.19
0.931913,120000,-4771.25,694.853,1414.89
0.932913,120000,-4651.25,690.142,1415.58
0.933913,120000,-4531.25,685.551,1416.27
0.934913,120000,-4411.25,681.08,1416.95
0.935913,120000,-4291.26,676.729,1417.63
0.936913,120000,-4171.26,672.497,1418.3
0.937913,120000,-4051.26,668.386,1418.97
0.938913,120000,-3931.26,664.395,1419.64
0.939913,120000,-3811.26,660.524,1420.3
0.940913,120000,-3691.26,656.773,1420.96
0.941913,120000,-3571.26,653.141,1421.62
0.942913,120000,-3451.27,649.63,1422.27
0.943913,120000,-3331.27,646.239,1422.92
0.944913,120000,-3211.27,642.968,1423.56
0.945913,120000,-3091.27,639.816,1424.2
0.946913,120000,-2971.27,636.785,1424.84
0.947913,120000,-2851.27,633.874,1425.48
0.948913,120000,-2731.28,631.083,1426.11
0.949913,120000,-2611.28,628.412,1426.74
0.950913,120000,-2491.28,625.86,1427.36
0.951913,120000,-2371.28,623.429,1427.99
0.952913,120000,-2251.28,621.118,1428.61
0.953913,120000,-2131.28,618.927,1429.23
0.954913,120000,-2011.28,616.855,1429.85
0.955913,120000,-1891.29,614.904,1430.47
0.956913,120000,-1771.29,613.073,1431.08
0.957913,120000,-1651.29,611.362,1431.69
0.958913,120000,-1531.29,609.77,1432.3
0.959913,120000,-1411.29,608.299,1432.91
0.960913,120000,-1291.29,606.948,1433.52
0.961913,120000,-1171.3,605.716,1434.12
0.962913,120000,-1051.3,604.605,1434.73
0.963913,120000,-931.299,603.614,1435.33
0.964913,120000,-811.3,602.743,1435.94
0.965913,120000,-691.302,601.991,1436.54
0.966913,120000,-571.303,601.36,1437.14
0.967913,120000,-451.305,600.849,1437.74
0.968913,120000,-331.306,600.457,1438.34
0.969913,120000,-211.308,600.186,1438.94
0.970913,120000,-91.3095,600.035,1439.54
0.971674,0,0,600,1440
0.972674,120000,119.998,600.06,1440.6
0.973674,120000,239.997,600.24,1441.2
0.974674,120000,359.995,600.54,1441.8
0.975674,120000,479.994,600.96,1442.4
0.976674,120000,599.992,601.5,1443
0.977674,120000,719.991,602.16,1443.6
0.978674,120000,839.989,602.94,1444.21
0.979674,120000,959.988,603.84,1444.81
0.980674,120000,1079.99,604.86,1445.41
0.981674,120000,1199.98,606,1446.02
0.982674,120000,1319.98,607.26,1446.63
0.983674,120000,1439.98,608.64,1447.23
0.984674,120000,1559.98,610.14,1447.84
0.985674,120000,1679.98,611.76,1448.45
0.986674,120000,1799.98,613.5,1449.07
0.987674,120000,1919.98,615.36,1449.68
0.988674,120000,2039.97,617.34,1450.3
0.989673,120000,2159.97,619.44,1450.92
0.990673,120000,2279.97,621.659,1451.54
0.991673,120000,2399.97,623.999,1452.16
0.992673,120000,2519.97,626.459,1452.79
0.993673,120000,2639.97,629.039,1453.41
0.994673,120000,2759.96,631.739,1454.04
0.995673,120000,2879.96,634.559,1454.68
0.996673,120000,2999.96,637.499,1455.31
0.997673,120000,3119.96,640.559,1455.95
0.998673,120000,3239.96,643.739,1456.59
0.999673,120000,3359.96,647.039,1457.24
1.00067,120000,3479.96,650.459,1457.89
1.00167,120000,3599.97,653.999,1458.54
1.00267,120000,3719.97,657.659,1459.2
1.00367,120000,3839.98,661.439,1459.86
1.00467,120000,3959.98,665.339,1460.52
1.00567,120000,4079.99,669.36,1461.19
1.00667,120000,4200,673.5,1461.86
1.00767,120000,4320,677.76,1462.53
1.00867,120000,4440.01,682.14,1463.21
1.00967,120000,4560.01,686.641,1463.9
1.01067,120000,4680.02,691.261,1464.59
1.01167,120000,4800.02,696.001,1465.28
1.01267,120000,4920.03,700.861,1465.98
1.01367,120000,5040.04,705.841,1466.68
1.01467,120000,5160.04,710.942,1467.39
1.01567,120000,5280.05,716.162,1468.1
1.01667,120000,5400.05,721.502,1468.82
1.01767,120000,5520.06,726.963,1469.55
1.01867,120000,5640.06,732.543,1470.28
1.01967,120000,5760.07,738.243,1471.01
1.02067,120000,5880.07,744.064,1471.75
1.02167,120000,6000.08,750.004,1472.5
1.02267,120000,6120.09,756.064,1473.25
1.02367,120000,6240.09,762.245,1474.01
1.02467,120000,6360.1,768.545,1474.78
1.02567,120000,6480.1,774.966,1475.55
1.02667,120000,6600.11,781.506,1476.33
1.02767,120000,6720.11,788.166,1477.11
1.02867,120000,6840.12,794.947,1477.9
1.02967,120000,6960.12,801.847,1478.7
1.03067,120000,7080.13,808.868,1479.51
1.03167,120000,7200.14,816.008,1480.32
1.03267,120000,7320.14,823.269,1481.14
1.03367,120000,7440.15,830.649,1481.97
1.03468,120000,7560.15,838.15,1482.8
1.03568,120000,7680.16,845.77,1483.64
1.03668,120000,7800.16,853.511,1484.49
1.03768,120000,7920.17,861.371,1485.35
1.03868,120000,8040.18,869.352,1486.22
1.03968,120000,8160.18,877.452,1487.09
1.04068,120000,8280.19,885.673,1487.97
1.04168,120000,8400.19,894.013,1488.86
1.04268,120000,8520.2,902.474,1489.76
1.04368,120000,8640.2,911.055,1490.67
1.04468,120000,8760.21,919.755,1491.58
1.04568,120000,8880.21,928.576,1492.51
1.04668,0,9000,937.516,1493.44
1.04768,0,9000,946.517,1494.38
1.04868,0,9000,955.517,1495.33
1.04968,0,9000,964.518,1496.29
1.05068,0,9000,973.518,1497.26
1.05168,0,9000,982.519,1498.24
1.05268,0,9000,991.519,1499.23
1.05368,0,9000,1000.52,1500.22
1.05468,0,9000,1009.52,1501.23
1.05568,0,9000,1018.52,1502.24
1.05668,0,9000,1027.52,1503.26
1.05768,0,9000,1036.52,1504.3
1.05868,0,9000,1045.52,1505.34
1.05968,0,9000,1054.52,1506.39
1.06068,0,9000,1063.52,1507.45
1.06168,0,9000,1072.52,1508.52
1.06268,0,9000,1081.52,1509.59
1.06368,0,9000,1090.52,1510.68
1.06468,0,9000,1099.52,1511.77
1.06568,0,9000,1108.52,1512.88
1.06668,0,9000,1117.52,1513.99
1.06768,0,9000,1126.53,1515.11
1.06868,0,9000,1135.53,1516.24
1.06968,0,9000,1144.53,1517.38
1.07068,0,9000,1153.53,1518.53
1.07168,0,9000,1162.53,1519.69
1.07268,0,9000,1171.53,1520.86
1.07368,0,9000,1180.53,1522.03
1.07468,0,9000,1189.53,1523.22
1.07568,0,9000,1198.53,1524.41
1.07668,0,9000,1207.53,1525.62
1.07768,0,9000,1216.53,1526.83
1.07868,0,9000,1225.53,1528.05
1.07968,0,9000,1234.53,1529.28
1.08068,0,9000,1243.53,1530.52
1.08168,0,9000,1252.53,1531.77
1.08268,0,9000,1261.53,1533.02
1.08368,0,9000,1270.53,1534.29
1.08468,0,9000,1279.53,1535.57
1.08568,0,9000,1288.53,1536.85
1.08668,0,9000,1297.53,1538.14
1.08768,0,9000,1306.53,1539.44
1.08868,0,9000,1315.53,1540.76
1.08968,0,9000,1324.53,1542.08
1.09068,0,9000,1333.54,1543.4
1.09168,0,9000,1342.54,1544.74
1.09268,0,9000,1351.54,1546.09
1.09368,0,9000,1360.54,1547.45
1.09468,0,9000,1369.54,1548.81
1.09568,0,9000,1378.54,1550.19
1.09668,0,9000,1387.54,1551.57
1.09768,0,9000,1396.54,1552.96
1.09868,0,9000,1405.54,1554.36
1.09968,0,9000,1414.54,1555.77
1.10068,0,9000,1423.54,1557.19
1.10168,0,9000,1432.54,1558.62
1.10268,0,9000,1441.54,1560.06
1.10368,0,9000,1450.54,1561.5
1.10468,0,9000,1459.54,1562.96
1.10568,0,9000,1468.54,1564.42
1.10668,0,9000,1477.54,1565.89
1.10768,0,9000,1486.54,1567.38
1.10868,0,9000,1495.54,1568.87
1.10968,0,9000,1504.54,1570.37
1.11068,0,9000,1513.54,1571.88
1.11168,0,9000,1522.54,1573.39
1.11268,0,9000,1531.54,1574.92
1.11368,0,9000,1540.54,1576.46
1.11468,0,9000,1549.55,1578
1.11568,0,9000,1558.55,1579.56
1.11668,0,9000,1567.55,1581.12
1.11768,0,9000,1576.55,1582.69
1.11868,0,9000,1585.55,1584.27
1.11968,0,9000,1594.55,1585.86
1.12068,0,9000,1603.55,1587.46
1.12168,0,9000,1612.55,1589.07
1.12268,0,9000,1621.55,1590.69
1.12368,0,9000,1630.55,1592.31
1.12468,0,9000,1639.55,1593.95
1.12568,0,9000,1648.55,1595.59
1.12668,0,9000,1657.55,1597.25
1.12768,0,9000,1666.55,1598.91
1.12868,0,9000,1675.55,1600.58
1.12968,0,9000,1684.55,1602.26
1.13068,0,9000,1693.55,1603.95
1.13168,0,9000,1702.55,1605.65
1.13268,0,9000,1711.55,1607.35
1.13368,0,9000,1720.55,1609.07
1.13468,0,9000,1729.55,1610.8
1.13568,0,9000,1738.55,1612.53
1.13668,0,9000,1747.55,1614.27
1.13768,0,9000,1756.55,1616.03
1.13868,0,9000,1765.56,1617.79
1.13968,0,9000,1774.56,1619.56
1.14068,0,9000,1783.56,1621.34
1.14168,0,9000,1792.56,1623.12
1.14268,0,9000,1801.56,1624.92
1.14368,0,9000,1810.56,1626.73
1.14468,0,9000,1819.56,1628.54
1.14568,0,9000,1828.56,1630.37
1.14668,0,9000,1837.56,1632.2
1.14768,0,9000,1846.56,1634.04
1.14868,0,9000,1855.56,1635.89
1.14968,0,9000,1864.56,1637.75
1.15068,0,9000,1873.56,1639.62
1.15168,0,9000,1882.56,1641.5
1.15268,-120000,8958.86,1891.55,1643.39
1.15368,-120000,8838.85,1900.45,1645.28
1.15468,-120000,8718.85,1909.23,1647.19
1.15568,-120000,8598.84,1917.89,1649.1
1.15668,-120000,8478.83,1926.43,1651.02
1.15768,-120000,8358.83,1934.85,1652.96
1.15868,-120000,8238.82,1943.15,1654.89
1.15968,-120000,8118.82,1951.33,1656.84
1.16068,-120000,7998.81,1959.39,1658.8
1.16168,-120000,7878.81,1967.33,1660.76
1.16268,-120000,7758.8,1975.15,1662.73
1.16368,-120000,7638.8,1982.85,1664.71
1.16468,-120000,7518.79,1990.42,1666.7
1.16568,-120000,7398.78,1997.88,1668.69
1.16668,-120000,7278.78,2005.22,1670.69
1.16768,-120000,7158.77,2012.44,1672.7
1.16868,-120000,7038.77,2019.54,1674.72
1.16968,-120000,6918.76,2026.52,1676.74
1.17068,-120000,6798.76,2033.38,1678.77
1.17168,-120000,6678.75,2040.12,1680.81
1.17268,-120000,6558.75,2046.74,1682.85
1.17368,-120000,6438.74,2053.24,1684.9
1.17468,-120000,6318.73,2059.62,1686.96
1.17568,-120000,6198.73,2065.87,1689.02
1.17668,-120000,6078.72,2072.01,1691.09
1.17768,-120000,5958.72,2078.03,1693.17
1.17868,-120000,5838.71,2083.93,1695.25
1.17968,-120000,5718.71,2089.71,1697.33
1.18068,-120000,5598.7,2095.37,1699.43
1.18168,-120000,5478.69,2100.91,1701.52
1.18268,-120000,5358.69,2106.33,1703.63
1.18368,-120000,5238.68,2111.63,1705.74
1.18468,-120000,5118.68,2116.81,1707.85
1.18568,-120000,4998.67,2121.86,1709.97
1.18668,-120000,4878.67,2126.8,1712.1
1.18768,-120000,4758.66,2131.62,1714.22
1.18868,-120000,4638.66,2136.32,1716.36
1.18968,-120000,4518.65,2140.9,1718.5
1.19068,-120000,4398.64,2145.36,1720.64
1.19168,-120000,4278.64,2149.7,1722.79
1.19268,-120000,4158.63,2153.92,1724.94
1.19368,-120000,4038.63,2158.01,1727.1
1.19468,-120000,3918.62,2161.99,1729.26
1.19568,-120000,3798.62,2165.85,1731.42
1.19668,-120000,3678.61,2169.59,1733.59
1.19768,-120000,3558.6,2173.21,1735.76
1.19868,-120000,3438.6,2176.71,1737.94
1.19968,-120000,3318.59,2180.09,1740.11
1.20068,-120000,3198.59,2183.35,1742.3
1.20168,-120000,3078.58,2186.49,1744.48
1.20268,-120000,2958.58,2189.5,1746.67
1.20368,-120000,2838.57,2192.4,1748.86
1.20468,-120000,2718.57,2195.18,1751.05
1.20568,-120000,2598.56,2197.84,1753.25
1.20668,-120000,2478.55,2200.38,1755.45
1.20768,-120000,2358.55,2202.8,1757.65
1.20868,-120000,2238.54,2205.1,1759.86
1.20968,-120000,2118.54,2207.27,1762.06
1.21068,-120000,1998.53,2209.33,1764.27
1.21168,-120000,1878.53,2211.27,1766.48
1.21268,-120000,1758.52,2213.09,1768.69
1.21368,-120000,1638.52,2214.79,1770.91
1.21468,-120000,1518.51,2216.37,1773.12
1.21568,-120000,1398.5,2217.83,1775.34
1.21668,-120000,1278.5,2219.16,1777.56
1.21768,-120000,1158.49,2220.38,1779.78
1.21868,-120000,1038.49,2221.48,1782
1.21968,-120000,918.481,2222.46,1784.22
1.22068,-120000,798.476,2223.32,1786.44
1.22168,-120000,678.47,2224.06,1788.67
1.22268,-120000,558.465,2224.68,1790.89
1.22368,-120000,438.459,2225.17,1793.12
1.22468,-120000,318.453,2225.55,1795.34
1.22568,-120000,198.448,2225.81,1797.57
1.22668,-120000,78.4421,2225.95,1799.79
1.22768,-120000,-41.5707,2225.97,1802.02
1.22868,-120000,-161.576,2225.87,1804.25
1.22968,-120000,-281.582,2225.65,1806.47
1.23068,-120000,-401.587,2225.3,1808.7
1.23168,-120000,-521.593,2224.84,1810.92
1.23268,-120000,-641.599,2224.26,1813.15
1.23368,-120000,-761.604,2223.56,1815.37
1.23468,-120000,-881.61,2222.74,1817.6
1.23568,-120000,-1001.62,2221.8,1819.82
1.23668,-120000,-1121.62,2220.73,1822.04
1.23768,-120000,-1241.63,2219.55,1824.26
1.23868,-120000,-1361.63,2218.25,1826.48
1.23968,-120000,-1481.64,2216.83,1828.7
1.24068,-120000,-1601.64,2215.29,1830.91
1.24168,-120000,-1721.65,2213.62,1833.13
1.24268,-120000,-1841.65,2211.84,1835.34
1.24368,-120000,-1961.66,2209.94,1837.55
1.24468,-120000,-2081.67,2207.92,1839.76
1.24568,-120000,-2201.67,2205.78,1841.97
1.24668,-120000,-2321.68,2203.52,1844.17
1.24768,-120000,-2441.68,2201.13,1846.37
1.24869,-120000,-2561.69,2198.63,1848.57
1.24969,-120000,-2681.69,2196.01,1850.77
1.25069,-120000,-2801.7,2193.27,1852.97
1.25169,-120000,-2921.71,2190.41,1855.16
1.25269,-120000,-3041.71,2187.43,1857.35
1.25369,-120000,-3161.72,2184.32,1859.53
1.25469,-120000,-3281.72,2181.1,1861.72
1.25569,-120000,-3401.73,2177.76,1863.9
1.25669,-120000,-3521.73,2174.3,1866.07
1.25769,-120000,-3641.74,2170.72,1868.24
1.25869,-120000,-3761.74,2167.01,1870.41
1.25969,-120000,-3881.75,2163.19,1872.58
1.26069,-120000,-4001.76,2159.25,1874.74
1.26169,-120000,-4121.76,2155.19,1876.9
1.26269,-120000,-4241.77,2151.01,1879.05
1.26369,-120000,-4361.77,2146.7,1881.2
1.26469,-120000,-4481.78,2142.28,1883.34
1.26569,-120000,-4601.78,2137.74,1885.48
1.26669,-120000,-4721.79,2133.08,1887.62
1.26769,-120000,-4841.79,2128.3,1889.75
1.26869,-120000,-4961.8,2123.39,1891.88
1.26969,-120000,-5081.81,2118.37,1894
1.27069,-120000,-5201.81,2113.23,1896.11
1.27169,-120000,-5321.82,2107.97,1898.22
1.27269,-120000,-5441.82,2102.59,1900.33
1.27369,-120000,-5561.83,2097.08,1902.43
1.27469,-120000,-5681.83,2091.46,1904.52
1.27569,-120000,-5801.84,2085.72,1906.61
1.27669,-120000,-5921.85,2079.86,1908.7
1.27769,-120000,-6041.85,2073.88,1910.77
1.27869,-120000,-6161.86,2067.77,1912.84
1.27969,-120000,-6281.86,2061.55,1914.91
1.28069,-120000,-6401.87,2055.21,1916.97
1.28169,-120000,-6521.87,2048.75,1919.02
1.28269,-120000,-6641.88,2042.16,1921.06
1.28369,-120000,-6761.88,2035.46,1923.1
1.28469,-120000,-6881.89,2028.64,1925.14
1.28569,-120000,-7001.9,2021.7,1927.16
1.28669,-120000,-7121.9,2014.64,1929.18
1.28769,-120000,-7241.91,2007.45,1931.19
1.28869,-120000,-7361.91,2000.15,1933.19
1.28969,-120000,-7481.92,1992.73,1935.19
1.29069,-120000,-7601.92,1985.19,1937.18
1.29169,-120000,-7721.93,1977.52,1939.16
1.29269,-120000,-7841.94,1969.74,1941.13
1.29369,-120000,-7961.94,1961.84,1943.1
1.29469,-120000,-8081.95,1953.82,1945.06
1.29569,-120000,-8201.95,1945.68,1947.01
1.29669,-120000,-8321.96,1937.41,1948.95
1.29769,-120000,-8441.96,1929.03,1950.88
1.29869,-120000,-8561.97,1920.53,1952.81
1.29969,-120000,-8681.97,1911.91,1954.72
1.30069,-120000,-8801.98,1903.16,1956.63
1.30169,-120000,-8921.99,1894.3,1958.53
1.30269,0,-9000,1885.33,1960.42
1.30369,0,-9000,1876.33,1962.3
1.30469,0,-9000,1867.33,1964.17
1.30569,0,-9000,1858.32,1966.04
1.30669,0,-9000,1849.32,1967.89
1.30769,0,-9000,1840.32,1969.74
1.30869,0,-9000,1831.32,1971.57
1.30969,0,-9000,1822.32,1973.4
1.31069,0,-9000,1813.32,1975.22
1.31169,0,-9000,1804.32,1977.03
1.31269,0,-9000,1795.32,1978.83
1.31369,0,-9000,1786.32,1980.62
1.31469,0,-9000,1777.32,1982.4
1.31569,0,-9000,1768.32,1984.17
1.31669,0,-9000,1759.32,1985.93
1.31769,0,-9000,1750.32,1987.69
1.31869,0,-9000,1741.32,1989.44
1.31969,0,-9000,1732.32,1991.17
1.32069,0,-9000,1723.32,1992.9
1.32169,0,-9000,1714.32,1994.62
1.32269,0,-9000,1705.32,1996.33
1.32369,0,-9000,1696.32,1998.03
1.32469,0,-9000,1687.32,1999.72
1.32569,0,-9000,1678.32,2001.4
1.32669,0,-9000,1669.32,2003.08
1.32769,0,-9000,1660.32,2004.74
1.32869,0,-9000,1651.32,2006.4
1.32969,0,-9000,1642.31,2008.05
1.33069,0,-9000,1633.31,2009.68
1.33169,0,-9000,1624.31,2011.31
1.33269,0,-9000,1615.31,2012.93
1.33369,0,-9000,1606.31,2014.54
1.33469,0,-9000,1597.31,2016.15
1.33569,0,-9000,1588.31,2017.74
1.33669,0,-9000,1579.31,2019.32
1.33769,0,-9000,1570.31,2020.9
1.33869,0,-9000,1561.31,2022.46
1.33969,0,-9000,1552.31,2024.02
1.34069,0,-9000,1543.31,2025.57
1.34169,0,-9000,1534.31,2027.11
1.34269,0,-9000,1525.31,2028.64
1.34369,0,-9000,1516.31,2030.16
1.34469,0,-9000,1507.31,2031.67
1.34569,0,-9000,1498.31,2033.17
1.34669,0,-9000,1489.31,2034.67
1.34769,0,-9000,1480.31,2036.15
1.34869,0,-9000,1471.31,2037.63
1.34969,0,-9000,1462.31,2039.09
1.35069,0,-9000,1453.31,2040.55
1.35169,0,-9000,1444.31,2042
1.35269,0,-9000,1435.3,2043.44
1.35369,0,-9000,1426.3,2044.87
1.35469,0,-9000,1417.3,2046.29
1.35569,0,-9000,1408.3,2047.71
1.35669,0,-9000,1399.3,2049.11
1.35769,0,-9000,1390.3,2050.5
1.35869,0,-9000,1381.3,2051.89
1.35969,0,-9000,1372.3,2053.27
1.36069,0,-9000,1363.3,2054.64
1.36169,0,-9000,1354.3,2055.99
1.36269,0,-9000,1345.3,2057.34
1.36369,0,-9000,1336.3,2058.69
1.36469,0,-9000,1327.3,2060.02
1.36569,0,-9000,1318.3,2061.34
1.36669,0,-9000,1309.3,2062.65
1.36769,0,-9000,1300.3,2063.96
1.36869,0,-9000,1291.3,2065.25
1.36969,0,-9000,1282.3,2066.54
1.37069,0,-9000,1273.3,2067.82
1.37169,0,-9000,1264.3,2069.09
1.37269,0,-9000,1255.3,2070.35
1.37369,0,-9000,1246.3,2071.6
1.37469,0,-9000,1237.3,2072.84
1.37569,0,-9000,1228.3,2074.07
1.37669,0,-9000,1219.29,2075.3
1.37769,0,-9000,1210.29,2076.51
1.37869,0,-9000,1201.29,2077.72
1.37969,0,-9000,1192.29,2078.91
1.38069,0,-9000,1183.29,2080.1
1.38169,0,-9000,1174.29,2081.28
1.38269,0,-9000,1165.29,2082.45
1.38369,0,-9000,1156.29,2083.61
1.38469,0,-9000,1147.29,2084.76
1.38569,0,-9000,1138.29,2085.91
1.38669,0,-9000,1129.29,2087.04
1.38769,0,-9000,1120.29,2088.17
1.38869,0,-9000,1111.29,2089.28
1.38969,0,-9000,1102.29,2090.39
1.39069,0,-9000,1093.29,2091.49
1.39169,0,-9000,1084.29,2092.57
1.39269,0,-9000,1075.29,2093.65
1.39369,0,-9000,1066.29,2094.73
1.39469,0,-9000,1057.29,2095.79
1.39569,0,-9000,1048.29,2096.84
1.39669,0,-9000,1039.29,2097.88
1.39769,0,-9000,1030.29,2098.92
1.39869,0,-9000,1021.29,2099.94
1.39969,0,-9000,1012.29,2100.96
1.40069,0,-9000,1003.28,2101.97
1.40169,0,-9000,994.284,2102.97
1.40269,0,-9000,985.284,2103.96
1.40369,0,-9000,976.284,2104.94
1.40469,0,-9000,967.283,2105.91
1.40569,0,-9000,958.283,2106.87
1.40669,0,-9000,949.282,2107.83
1.40769,0,-9000,940.282,2108.77
1.40869,0,-9000,931.281,2109.71
1.40969,0,-9000,922.281,2110.64
1.41069,0,-9000,913.281,2111.55
1.41169,0,-9000,904.28,2112.46
1.41269,0,-9000,895.28,2113.36
1.41369,0,-9000,886.279,2114.25
1.41469,0,-9000,877.279,2115.13
1.41569,0,-9000,868.279,2116.01
1.41669,0,-9000,859.278,2116.87
1.41769,0,-9000,850.278,2117.73
1.41869,0,-9000,841.277,2118.57
1.41969,0,-9000,832.277,2119.41
1.42069,0,-9000,823.276,2120.24
1.42169,0,-9000,814.276,2121.05
1.42269,0,-9000,805.276,2121.86
1.42369,0,-9000,796.275,2122.67
1.42469,0,-9000,787.275,2123.46
1.42569,0,-9000,778.274,2124.24
1.42669,0,-9000,769.274,2125.01
1.42769,0,-9000,760.273,2125.78
1.42869,0,-9000,751.273,2126.53
1.42969,0,-9000,742.273,2127.28
1.43069,0,-9000,733.272,2128.02
1.43169,0,-9000,724.272,2128.75
1.43269,0,-9000,715.271,2129.47
1.43369,0,-9000,706.271,2130.18
1.43469,0,-9000,697.271,2130.88
1.43569,0,-9000,688.27,2131.57
1.43669,0,-9000,679.27,2132.26
1.43769,0,-9000,670.269,2132.93
1.43869,0,-9000,661.269,2133.6
1.43969,0,-9000,652.268,2134.25
1.44069,0,-9000,643.268,2134.9
1.44169,0,-9000,634.268,2135.54
1.44269,0,-9000,625.267,2136.17
1.44369,0,-9000,616.267,2136.79
1.44469,0,-9000,607.266,2137.4
1.44569,0,-9000,598.266,2138.01
1.44669,0,-9000,589.266,2138.6
1.44769,0,-9000,580.265,2139.18
1.44869,0,-9000,571.265,2139.76
1.44969,0,-9000,562.264,2140.33
1.45069,0,-9000,553.264,2140.89
1.45169,0,-9000,544.263,2141.43
1.45269,0,-9000,535.263,2141.97
1.45369,0,-9000,526.263,2142.5
1.45469,0,-9000,517.262,2143.03
1.45569,0,-9000,508.262,2143.54
1.45669,0,-9000,499.261,2144.04
1.45769,0,-9000,490.261,2144.54
1.45869,0,-9000,481.26,2145.02
1.45969,0,-9000,472.26,2145.5
1.46069,0,-9000,463.26,2145.97
1.46169,0,-9000,454.259,2146.43
1.4627,0,-9000,445.259,2146.88
1.4637,0,-9000,436.258,2147.32
1.4647,0,-9000,427.258,2147.75
1.4657,0,-9000,418.257,2148.17
1.4667,0,-9000,409.257,2148.59
1.4677,0,-9000,400.257,2148.99
1.4687,0,-9000,391.256,2149.39
1.4697,0,-9000,382.256,2149.77
1.4707,0,-9000,373.255,2150.15
1.4717,0,-9000,364.255,2150.52
1.4727,0,-9000,355.255,2150.88
1.4737,0,-9000,346.254,2151.23
1.4747,120000,-8996.72,337.254,2151.57
1.4757,120000,-8876.71,328.317,2151.9
1.4767,120000,-8756.7,319.499,2152.23
1.4777,120000,-8636.7,310.802,2152.54
1.4787,120000,-8516.69,302.225,2152.85
1.4797,120000,-8396.69,293.768,2153.15
1.4807,120000,-8276.68,285.431,2153.44
1.4817,120000,-8156.68,277.214,2153.72
1.4827,120000,-8036.67,269.117,2153.99
1.4837,120000,-7916.67,261.14,2154.26
1.4847,120000,-7796.66,253.283,2154.51
1.4857,120000,-7676.65,245.546,2154.76
1.4867,120000,-7556.65,237.929,2155.01
1.4877,120000,-7436.64,230.432,2155.24
1.4887,120000,-7316.64,223.055,2155.47
1.4897,120000,-7196.63,215.798,2155.69
1.4907,120000,-7076.63,208.661,2155.9
1.4917,120000,-6956.62,201.644,2156.1
1.4927,120000,-6836.61,194.747,2156.3
1.4937,120000,-6716.61,187.97,2156.49
1.4947,120000,-6596.6,181.313,2156.68
1.4957,120000,-6476.6,174.776,2156.86
1.4967,120000,-6356.59,168.359,2157.03
1.4977,120000,-6236.59,162.063,2157.19
1.4987,120000,-6116.58,155.886,2157.35
1.4997,120000,-5996.58,149.829,2157.5
1.5007,120000,-5876.57,143.892,2157.65
1.5017,120000,-5756.56,138.075,2157.79
1.5027,120000,-5636.56,132.378,2157.93
1.5037,120000,-5516.55,126.801,2158.06
1.5047,120000,-5396.55,121.345,2158.18
1.5057,120000,-5276.54,116.008,2158.3
1.5067,120000,-5156.54,110.791,2158.41
1.5077,120000,-5036.53,105.694,2158.52
1.5087,120000,-4916.52,100.718,2158.62
1.5097,120000,-4796.52,95.8608,2158.72
1.5107,120000,-4676.51,91.1241,2158.82
1.5117,120000,-4556.51,86.5074,2158.91
1.5127,120000,-4436.5,82.0106,2158.99
1.5137,120000,-4316.5,77.6339,2159.07
1.5147,120000,-4196.49,73.3772,2159.14
1.5157,120000,-4076.49,69.2406,2159.22
1.5167,120000,-3956.48,65.2239,2159.28
1.5177,120000,-3836.47,61.3272,2159.35
1.5187,120000,-3716.47,57.5506,2159.41
1.5197,120000,-3596.46,53.8939,2159.46
1.5207,120000,-3476.46,50.3573,2159.51
1.5217,120000,-3356.45,46.9407,2159.56
1.5227,120000,-3236.45,43.6441,2159.61
1.5237,120000,-3116.44,40.4675,2159.65
1.5247,120000,-2996.44,37.4109,2159.69
1.5257,120000,-2876.43,34.4744,2159.72
1.5267,120000,-2756.42,31.6578,2159.76
1.5277,120000,-2636.42,28.9613,2159.79
1.5287,120000,-2516.41,26.3847,2159.82
1.5297,120000,-2396.41,23.9282,2159.84
1.5307,120000,-2276.4,21.5917,2159.86
1.5317,120000,-2156.4,19.3752,2159.88
1.5327,120000,-2036.39,17.2787,2159.9
1.5337,120000,-1916.38,15.3022,2159.92
1.5347,120000,-1796.38,13.4457,2159.93
1.5357,120000,-1676.37,11.7093,2159.95
1.5367,120000,-1556.37,10.0928,2159.96
1.5377,120000,-1436.36,8.5964,2159.97
1.5387,120000,-1316.36,7.21998,2159.97
1.5397,120000,-1196.35,5.96357,2159.98
1.5407,120000,-1076.35,4.82716,2159.99
1.5417,120000,-956.34,3.81077,2159.99
1.5427,120000,-836.334,2.9144,2159.99
1.5437,120000,-716.329,2.13803,2160
1.5447,120000,-596.323,1.48167,2160
1.5457,120000,-476.317,0.945326,2160
1.5467,120000,-356.312,0.528992,2160
1.5477,120000,-236.306,0.232669,2160
1.5487,120000,-116.301,0.0563576,2160
